"Time","ProcessId","ProcessStart","CpuSeconds","WorkingSetBytes","PeakWorkingSetBytes","ThreadCount","AvailablePhysicalBytes","SampleIsPartial"
"2026-09-07T15:06:31.3131346+08:00","43688","2026-09-07T14:56:21.0156945+08:00","8810.984375","3254267904","3416215552","165","4764606464","True"
"2026-09-07T15:07:02.1597605+08:00","43688","2026-09-07T14:56:21.0156945+08:00","9260.859375","3287482368","3416215552","165","4726239232","True"
"2026-09-07T15:07:32.9232049+08:00","43688","2026-09-07T14:56:21.0156945+08:00","9712.90625","3320528896","3416215552","161","5236805632","True"
"2026-09-07T15:08:03.6039872+08:00","43688","2026-09-07T14:56:21.0156945+08:00","10154.765625","3281084416","3416215552","161","4668420096","True"
"2026-09-07T15:08:34.2803331+08:00","43688","2026-09-07T14:56:21.0156945+08:00","10595.4375","3294748672","3416215552","162","4677840896","True"
"2026-09-07T15:09:04.9285400+08:00","43688","2026-09-07T14:56:21.0156945+08:00","11046.9375","3251703808","3416215552","162","4123332608","True"
"2026-09-07T15:09:35.5404843+08:00","43688","2026-09-07T14:56:21.0156945+08:00","11499.65625","3282350080","3416215552","161","4398026752","True"
"2026-09-07T15:10:06.1370245+08:00","43688","2026-09-07T14:56:21.0156945+08:00","11949.875","3328618496","3416215552","159","4205223936","True"
"2026-09-07T15:10:36.7779535+08:00","43688","2026-09-07T14:56:21.0156945+08:00","12402.359375","3312820224","3416215552","159","4410183680","True"
"2026-09-07T15:11:07.5536499+08:00","43688","2026-09-07T14:56:21.0156945+08:00","12851.78125","3363524608","3419942912","159","4098514944","True"
"2026-09-07T15:11:38.3591727+08:00","43688","2026-09-07T14:56:21.0156945+08:00","13264.4375","3324846080","3419942912","161","2056978432","True"
"2026-09-07T15:12:09.1659380+08:00","43688","2026-09-07T14:56:21.0156945+08:00","13708","3249483776","3419942912","161","2623004672","True"
"2026-09-07T15:12:40.0061059+08:00","43688","2026-09-07T14:56:21.0156945+08:00","14152.859375","3286286336","3419942912","161","2272063488","True"
"2026-09-07T15:13:10.8293218+08:00","43688","2026-09-07T14:56:21.0156945+08:00","14588.3125","3355500544","3422912512","159","2744946688","True"
"2026-09-07T15:13:41.5383963+08:00","43688","2026-09-07T14:56:21.0156945+08:00","15021.203125","3296239616","3422912512","159","2544898048","True"
"2026-09-07T15:14:12.2775245+08:00","43688","2026-09-07T14:56:21.0156945+08:00","15462.703125","3325136896","3422912512","159","2815029248","True"
"2026-09-07T15:14:43.0156031+08:00","43688","2026-09-07T14:56:21.0156945+08:00","15911.84375","3330977792","3422912512","159","2670825472","True"
"2026-09-07T15:15:13.7215574+08:00","43688","2026-09-07T14:56:21.0156945+08:00","16361.921875","3297894400","3422912512","159","2815684608","True"
"2026-09-07T15:15:44.4173231+08:00","43688","2026-09-07T14:56:21.0156945+08:00","16813.484375","3352403968","3424223232","159","3253518336","True"
"2026-09-07T15:16:15.1572771+08:00","43688","2026-09-07T14:56:21.0156945+08:00","17265.203125","3309547520","3424223232","159","3518943232","True"
"2026-09-07T15:16:45.8433514+08:00","43688","2026-09-07T14:56:21.0156945+08:00","17705.140625","3323469824","3424223232","159","4433252352","True"
"2026-09-07T15:17:16.4583471+08:00","43688","2026-09-07T14:56:21.0156945+08:00","18126.421875","3332792320","3424223232","159","4416999424","True"
"2026-09-07T15:17:47.2641200+08:00","43688","2026-09-07T14:56:21.0156945+08:00","18542.5","3323547648","3424223232","159","4063244288","True"
"2026-09-07T15:18:17.8999865+08:00","43688","2026-09-07T14:56:21.0156945+08:00","18955.28125","3299233792","3424223232","159","4303450112","True"
"2026-09-07T15:18:48.5264412+08:00","43688","2026-09-07T14:56:21.0156945+08:00","19374.859375","3268018176","3424223232","159","4481249280","True"
"2026-09-07T15:19:19.1344630+08:00","43688","2026-09-07T14:56:21.0156945+08:00","19765.453125","3261014016","3424223232","159","4492374016","True"
"2026-09-07T15:19:49.7281795+08:00","43688","2026-09-07T14:56:21.0156945+08:00","20157.359375","3244646400","3424223232","159","4405362688","True"
"2026-09-07T15:20:20.2940398+08:00","43688","2026-09-07T14:56:21.0156945+08:00","20546.734375","3275829248","3424223232","159","4221444096","True"
"2026-09-07T15:20:50.8886402+08:00","43688","2026-09-07T14:56:21.0156945+08:00","20937.171875","3297460224","3424223232","159","4107927552","True"
"2026-09-07T15:21:21.4719072+08:00","43688","2026-09-07T14:56:21.0156945+08:00","21328","3303788544","3424223232","159","4503121920","True"
"2026-09-07T15:21:51.9788246+08:00","43688","2026-09-07T14:56:21.0156945+08:00","21708.921875","3263512576","3424223232","159","4698402816","True"
"2026-09-07T15:22:22.4789659+08:00","43688","2026-09-07T14:56:21.0156945+08:00","22038.15625","3238854656","3424223232","159","4791132160","True"
"2026-09-07T15:22:52.9795021+08:00","43688","2026-09-07T14:56:21.0156945+08:00","22368.359375","3270504448","3424223232","159","4985450496","True"
"2026-09-07T15:23:23.4469426+08:00","43688","2026-09-07T14:56:21.0156945+08:00","22698.875","3297153024","3424223232","159","4493123584","True"
"2026-09-07T15:23:53.8980963+08:00","43688","2026-09-07T14:56:21.0156945+08:00","23028.375","3250872320","3424223232","159","4647862272","True"
"2026-09-07T15:24:24.3820822+08:00","43688","2026-09-07T14:56:21.0156945+08:00","23358.703125","3286036480","3424223232","159","4650893312","True"
"2026-09-07T15:24:54.8708325+08:00","43688","2026-09-07T14:56:21.0156945+08:00","23689.65625","3285270528","3424223232","159","3907649536","True"
"2026-09-07T15:25:25.4662363+08:00","43688","2026-09-07T14:56:21.0156945+08:00","23995.125","3262943232","3424223232","159","5041090560","True"
"2026-09-07T15:25:55.9045768+08:00","43688","2026-09-07T14:56:21.0156945+08:00","24291.859375","3265187840","3424223232","159","5151379456","True"
"2026-09-07T15:26:26.2876904+08:00","43688","2026-09-07T14:56:21.0156945+08:00","24566.5625","3220578304","3424223232","159","5242896384","True"
"2026-09-07T15:26:56.6325913+08:00","43688","2026-09-07T14:56:21.0156945+08:00","24800.515625","3224465408","3424223232","159","5208682496","True"
"2026-09-07T15:27:26.9327542+08:00","43688","2026-09-07T14:56:21.0156945+08:00","24966.171875","3220033536","3424223232","159","5148471296","True"
"2026-09-07T15:27:57.2827370+08:00","43688","2026-09-07T14:56:21.0156945+08:00","25130.21875","3220066304","3424223232","159","5307584512","True"
"2026-09-07T15:28:27.6081780+08:00","43688","2026-09-07T14:56:21.0156945+08:00","25299.296875","3220791296","3424223232","159","5343354880","True"
"2026-09-07T15:28:57.9189310+08:00","43688","2026-09-07T14:56:21.0156945+08:00","25461.375","3242323968","3424223232","159","5328695296","True"
"2026-09-07T15:29:28.2027388+08:00","43688","2026-09-07T14:56:21.0156945+08:00","25628.875","3220185088","3424223232","159","5118783488","True"
"2026-09-07T15:29:58.4681357+08:00","43688","2026-09-07T14:56:21.0156945+08:00","25798.640625","3240099840","3424223232","159","5312004096","True"
"2026-09-07T15:30:28.7717759+08:00","43688","2026-09-07T14:56:21.0156945+08:00","25964.28125","3224764416","3424223232","159","5288071168","True"
"2026-09-07T15:30:59.0769949+08:00","43688","2026-09-07T14:56:21.0156945+08:00","26131","3226796032","3424223232","159","5389475840","True"
"2026-09-07T15:31:29.3619911+08:00","43688","2026-09-07T14:56:21.0156945+08:00","26297.71875","2144370688","3424223232","159","6462996480","True"
"2026-09-07T15:31:59.9292770+08:00","43688","2026-09-07T14:56:21.0156945+08:00","26565.578125","2388430848","3424223232","159","6027579392","True"
"2026-09-07T15:32:30.5546947+08:00","43688","2026-09-07T14:56:21.0156945+08:00","26897.765625","2368233472","3424223232","159","6197202944","True"
"2026-09-07T15:33:01.2394508+08:00","43688","2026-09-07T14:56:21.0156945+08:00","27227.65625","2368659456","3424223232","159","5833977856","True"
"2026-09-07T15:33:31.8787351+08:00","43688","2026-09-07T14:56:21.0156945+08:00","27559.609375","2365210624","3424223232","159","5973098496","True"
"2026-09-07T15:34:02.5036202+08:00","43688","2026-09-07T14:56:21.0156945+08:00","27889.828125","2379579392","3424223232","159","5797896192","True"
"2026-09-07T15:34:33.1379678+08:00","43688","2026-09-07T14:56:21.0156945+08:00","28221.125","2330882048","3424223232","159","6029668352","True"
"2026-09-07T15:35:03.8024481+08:00","43688","2026-09-07T14:56:21.0156945+08:00","28550.421875","2383355904","3424223232","159","5684772864","True"
"2026-09-07T15:35:34.4016887+08:00","43688","2026-09-07T14:56:21.0156945+08:00","28879.921875","2397188096","3424223232","159","5361405952","True"
"2026-09-07T15:36:05.1075839+08:00","43688","2026-09-07T14:56:21.0156945+08:00","29211.578125","2370154496","3424223232","159","5807054848","True"
"2026-09-07T15:36:35.7524579+08:00","43688","2026-09-07T14:56:21.0156945+08:00","29543.125","1559949312","3424223232","159","6807023616","True"
"2026-09-07T15:37:06.4526240+08:00","43688","2026-09-07T14:56:21.0156945+08:00","29875.34375","1603584000","3424223232","159","6575288320","True"
"2026-09-07T15:37:37.1061370+08:00","43688","2026-09-07T14:56:21.0156945+08:00","30207.25","1539653632","3424223232","159","6537383936","True"
"2026-09-07T15:38:07.7095736+08:00","43688","2026-09-07T14:56:21.0156945+08:00","30538.71875","1552625664","3424223232","159","6462844928","True"
"2026-09-07T15:38:38.4149733+08:00","43688","2026-09-07T14:56:21.0156945+08:00","30870.84375","1540276224","3424223232","159","6480846848","True"
"2026-09-07T15:39:09.1316425+08:00","43688","2026-09-07T14:56:21.0156945+08:00","31203.796875","1546469376","3424223232","159","6623338496","True"
"2026-09-07T15:39:39.8117263+08:00","43688","2026-09-07T14:56:21.0156945+08:00","31534.828125","1580675072","3424223232","159","6380965888","True"
"2026-09-07T15:40:10.4732191+08:00","43688","2026-09-07T14:56:21.0156945+08:00","31865.546875","1582075904","3424223232","159","6123311104","True"
"2026-09-07T15:40:41.1478512+08:00","43688","2026-09-07T14:56:21.0156945+08:00","32197.765625","1561116672","3424223232","159","6435086336","True"
"2026-09-07T15:41:11.8500817+08:00","43688","2026-09-07T14:56:21.0156945+08:00","32530.0625","1581182976","3424223232","159","6627872768","True"
"2026-09-07T15:41:42.5380160+08:00","43688","2026-09-07T14:56:21.0156945+08:00","32861.921875","1329364992","3424223232","159","7789465600","True"
"2026-09-07T15:42:13.1064219+08:00","43688","2026-09-07T14:56:21.0156945+08:00","33192.140625","1300414464","3424223232","159","7669833728","True"
"2026-09-07T15:42:43.7151633+08:00","43688","2026-09-07T14:56:21.0156945+08:00","33524.265625","1331859456","3424223232","159","7965175808","True"
"2026-09-07T15:43:14.3566759+08:00","43688","2026-09-07T14:56:21.0156945+08:00","33856.5625","1267589120","3424223232","159","7913619456","True"
"2026-09-07T15:43:45.0291718+08:00","43688","2026-09-07T14:56:21.0156945+08:00","34188.609375","1356455936","3424223232","159","7848910848","True"
"2026-09-07T15:44:15.7317224+08:00","43688","2026-09-07T14:56:21.0156945+08:00","34519.234375","1315864576","3424223232","159","7612030976","True"
"2026-09-07T15:44:46.3823971+08:00","43688","2026-09-07T14:56:21.0156945+08:00","34849.828125","1314893824","3424223232","159","7484329984","True"
"2026-09-07T15:45:17.0988922+08:00","43688","2026-09-07T14:56:21.0156945+08:00","35180.21875","1314729984","3424223232","159","7661047808","True"
"2026-09-07T15:45:47.7387541+08:00","43688","2026-09-07T14:56:21.0156945+08:00","35511.8125","1301835776","3424223232","159","7955546112","True"
"2026-09-07T15:46:18.3944008+08:00","43688","2026-09-07T14:56:21.0156945+08:00","35843.015625","1317109760","3424223232","159","7793352704","True"
"2026-09-07T15:46:49.0682373+08:00","43688","2026-09-07T14:56:21.0156945+08:00","36173.421875","1119821824","3424223232","159","8606883840","True"
"2026-09-07T15:47:19.7114446+08:00","43688","2026-09-07T14:56:21.0156945+08:00","36504.640625","1111801856","3424223232","159","8396242944","True"
"2026-09-07T15:47:50.3263673+08:00","43688","2026-09-07T14:56:21.0156945+08:00","36837.609375","1144778752","3424223232","159","8614240256","True"
"2026-09-07T15:48:20.9390702+08:00","43688","2026-09-07T14:56:21.0156945+08:00","37168.078125","1105330176","3424223232","159","8365051904","True"
"2026-09-07T15:48:51.5581467+08:00","43688","2026-09-07T14:56:21.0156945+08:00","37499.0625","1176842240","3424223232","159","8390062080","True"
"2026-09-07T15:49:22.1961636+08:00","43688","2026-09-07T14:56:21.0156945+08:00","37830.5","1147248640","3424223232","159","8371081216","True"
"2026-09-07T15:49:52.7908355+08:00","43688","2026-09-07T14:56:21.0156945+08:00","38161.609375","1106407424","3424223232","159","8416583680","True"
"2026-09-07T15:50:23.3497104+08:00","43688","2026-09-07T14:56:21.0156945+08:00","38471.078125","1094225920","3424223232","159","8218337280","True"
"2026-09-07T15:50:53.8355247+08:00","43688","2026-09-07T14:56:21.0156945+08:00","38761.25","1098674176","3424223232","159","8205905920","True"
"2026-09-07T15:51:24.2839758+08:00","43688","2026-09-07T14:56:21.0156945+08:00","39008.484375","1119498240","3424223232","159","8471568384","True"
"2026-09-07T15:51:54.6976825+08:00","43688","2026-09-07T14:56:21.0156945+08:00","39260.75","1033531392","3424223232","159","9043058688","True"
"2026-09-07T15:52:25.1777651+08:00","43688","2026-09-07T14:56:21.0156945+08:00","39511.390625","1030832128","3424223232","159","9175654400","True"
"2026-09-07T15:52:55.6509244+08:00","43688","2026-09-07T14:56:21.0156945+08:00","39764.1875","1014063104","3424223232","159","9214894080","True"
"2026-09-07T15:53:26.1574020+08:00","43688","2026-09-07T14:56:21.0156945+08:00","40015.140625","1030987776","3424223232","159","9095327744","True"
"2026-09-07T15:53:56.6155241+08:00","43688","2026-09-07T14:56:21.0156945+08:00","40263.671875","1039294464","3424223232","159","9146728448","True"
"2026-09-07T15:54:27.0925958+08:00","43688","2026-09-07T14:56:21.0156945+08:00","40516.4375","1028870144","3424223232","159","8915148800","True"
"2026-09-07T15:54:57.4918263+08:00","43688","2026-09-07T14:56:21.0156945+08:00","40740.5","1010614272","3424223232","159","8606625792","True"
"2026-09-07T15:55:27.8901034+08:00","43688","2026-09-07T14:56:21.0156945+08:00","40906.390625","1010614272","3424223232","159","9197121536","True"
"2026-09-07T15:55:58.2776125+08:00","43688","2026-09-07T14:56:21.0156945+08:00","41071.5","1022767104","3424223232","159","9331453952","True"
"2026-09-07T15:56:28.6353293+08:00","43688","2026-09-07T14:56:21.0156945+08:00","41240.890625","1020477440","3424223232","159","8617009152","True"
"2026-09-07T15:56:59.0674194+08:00","43688","2026-09-07T14:56:21.0156945+08:00","41401.53125","963407872","3424223232","159","8518463488","True"
"2026-09-07T15:57:29.4147319+08:00","43688","2026-09-07T14:56:21.0156945+08:00","41568.21875","963821568","3424223232","159","8595914752","True"
"2026-09-07T15:57:59.7717119+08:00","43688","2026-09-07T14:56:21.0156945+08:00","41725.515625","941613056","3424223232","159","7606861824","True"
"2026-09-07T15:58:30.1667337+08:00","43688","2026-09-07T14:56:21.0156945+08:00","41885.09375","941162496","3424223232","159","7894159360","True"
"2026-09-07T15:59:00.5727514+08:00","43688","2026-09-07T14:56:21.0156945+08:00","42043.5","941170688","3424223232","159","6622068736","True"
"2026-09-07T15:59:30.9323005+08:00","43688","2026-09-07T14:56:21.0156945+08:00","42211.1875","934264832","3424223232","159","7781810176","True"
"2026-09-07T16:00:01.2802695+08:00","43688","2026-09-07T14:56:21.0156945+08:00","42377.78125","948903936","3424223232","159","7598637056","True"
"2026-09-07T16:00:31.5035214+08:00","43688","2026-09-07T14:56:21.0156945+08:00","42489.78125","1105010688","3424223232","162","7879614464","True"
